time,w_expl_0,w_expl_1,w_RK2_0,w_RK2_1,exact_solution_0,exact_solution_1
0.000000,1.000000,0.000000,1.000000,0.000000,1.000000,0.000000
0.050000,1.000000,0.050000,0.998750,0.050000,0.998750,0.049979
0.100000,0.997500,0.100000,0.995002,0.099875,0.995004,0.099833
0.150000,0.992500,0.149875,0.988764,0.149500,0.988771,0.149438
0.200000,0.985006,0.199500,0.980053,0.198752,0.980067,0.198669
0.250000,0.975031,0.248750,0.968890,0.247506,0.968912,0.247404
0.300000,0.962594,0.297502,0.955304,0.295641,0.955336,0.295520
0.350000,0.947719,0.345632,0.939328,0.343037,0.939373,0.342898
0.400000,0.930437,0.393017,0.921002,0.389574,0.921061,0.389418
0.450000,0.910786,0.439539,0.900372,0.435137,0.900447,0.434966
0.500000,0.888809,0.485079,0.877490,0.479612,0.877583,0.479426
0.550000,0.864555,0.529519,0.852412,0.522887,0.852525,0.522687
0.600000,0.838079,0.572747,0.825202,0.564854,0.825336,0.564642
0.650000,0.809442,0.614651,0.795928,0.605408,0.796084,0.605186
0.700000,0.778709,0.655123,0.764663,0.644448,0.764842,0.644218
0.750000,0.745953,0.694058,0.731485,0.681875,0.731689,0.681639
0.800000,0.711250,0.731356,0.696476,0.717597,0.696707,0.717356
0.850000,0.674683,0.766919,0.659726,0.751524,0.659983,0.751280
0.900000,0.636337,0.800653,0.621325,0.783571,0.621610,0.783327
0.950000,0.596304,0.832470,0.581370,0.813658,0.581683,0.813416
1.000000,0.554681,0.862285,0.539960,0.841709,0.540302,0.841471
1.050000,0.511566,0.890019,0.497200,0.867655,0.497571,0.867423
1.100000,0.467065,0.915597,0.453196,0.891430,0.453596,0.891207
1.150000,0.421285,0.938950,0.408058,0.912976,0.408487,0.912764
1.200000,0.374338,0.960015,0.361899,0.932237,0.362358,0.932039
1.250000,0.326337,0.978732,0.314835,0.949167,0.315322,0.948985
1.300000,0.277401,0.995048,0.266983,0.963722,0.267499,0.963558
1.350000,0.227648,1.008918,0.218463,0.975867,0.219007,0.975723
1.400000,0.177202,1.020301,0.169396,0.985570,0.169967,0.985450
1.450000,0.126187,1.029161,0.119906,0.992808,0.120503,0.992713
1.500000,0.074729,1.035470,0.070116,0.997562,0.070737,0.997495
1.550000,0.022956,1.039207,0.020150,0.999821,0.020795,0.999784
1.600000,-0.029005,1.040355,-0.029866,0.999579,-0.029200,0.999574
1.650000,-0.081022,1.038904,-0.079808,0.996836,-0.079121,0.996865
1.700000,-0.132968,1.034853,-0.129550,0.991600,-0.128844,0.991665
1.750000,-0.184710,1.028205,-0.178968,0.983883,-0.178246,0.983986
1.800000,-0.236120,1.018969,-0.227938,0.973704,-0.227202,0.973848
1.850000,-0.287069,1.007163,-0.276339,0.961090,-0.275590,0.961275
1.900000,-0.337427,0.992810,-0.324048,0.946072,-0.323290,0.946300
1.950000,-0.387068,0.975939,-0.370946,0.928687,-0.370181,0.928960
2.000000,-0.435865,0.956585,-0.416917,0.908979,-0.416147,0.909297
2.050000,-0.483694,0.934792,-0.461845,0.886997,-0.461073,0.887362
2.100000,-0.530433,0.910607,-0.505617,0.862796,-0.504846,0.863209
2.150000,-0.575964,0.884086,-0.548125,0.836437,-0.547358,0.836899
2.200000,-0.620168,0.855287,-0.589262,0.807985,-0.588501,0.808496
2.250000,-0.662932,0.824279,-0.628924,0.777512,-0.628174,0.778073
2.300000,-0.704146,0.791132,-0.667014,0.745094,-0.666276,0.745705
2.350000,-0.743703,0.755925,-0.703435,0.710812,-0.702713,0.711473
2.400000,-0.781499,0.718740,-0.738096,0.674751,-0.737394,0.675463
2.450000,-0.817436,0.679665,-0.770911,0.637003,-0.770231,0.637765
2.500000,-0.851419,0.638793,-0.801797,0.597661,-0.801144,0.598472
2.550000,-0.883359,0.596222,-0.830678,0.556824,-0.830054,0.557684
2.600000,-0.913170,0.552054,-0.857481,0.514594,-0.856889,0.515501
2.650000,-0.940773,0.506396,-0.882139,0.471077,-0.881582,0.472031
2.700000,-0.966093,0.459357,-0.904590,0.426381,-0.904072,0.427380
2.750000,-0.989061,0.411052,-0.924778,0.380619,-0.924302,0.381661
2.800000,-1.009613,0.361599,-0.942653,0.333904,-0.942222,0.334988
2.850000,-1.027693,0.311119,-0.958170,0.286354,-0.957787,0.287478
2.900000,-1.043249,0.259734,-0.971290,0.238088,-0.970958,0.239249
2.950000,-1.056236,0.207572,-0.981981,0.189225,-0.981702,0.190423
3.000000,-1.066614,0.154760,-0.990214,0.139890,-0.989992,0.141120
3.050000,-1.074352,0.101429,-0.995971,0.090204,-0.995808,0.091465
3.100000,-1.079424,0.047711,-0.999236,0.040293,-0.999135,0.041581
3.150000,-1.081809,-0.006260,-1.000002,-0.009719,-0.999965,-0.008407
3.200000,-1.081496,-0.060350,-0.998266,-0.059707,-0.998295,-0.058374
3.250000,-1.078479,-0.114425,-0.994033,-0.109546,-0.994130,-0.108195
3.300000,-1.072758,-0.168349,-0.987313,-0.159111,-0.987480,-0.157746
3.350000,-1.064340,-0.221987,-0.978123,-0.208277,-0.978362,-0.206902
3.400000,-1.053241,-0.275204,-0.966487,-0.256923,-0.966798,-0.255541
3.450000,-1.039481,-0.327866,-0.952433,-0.304926,-0.952818,-0.303542
3.500000,-1.023087,-0.379840,-0.935996,-0.352167,-0.936457,-0.350783
3.550000,-1.004095,-0.430994,-0.917217,-0.398526,-0.917755,-0.397148
3.600000,-0.982546,-0.481199,-0.896145,-0.443889,-0.896758,-0.442520
3.650000,-0.958486,-0.530326,-0.872830,-0.488141,-0.873521,-0.486787
3.700000,-0.931969,-0.578251,-0.847332,-0.531173,-0.848100,-0.529836
3.750000,-0.903057,-0.624849,-0.819714,-0.572875,-0.820559,-0.571561
3.800000,-0.871814,-0.670002,-0.790046,-0.613145,-0.790968,-0.611858
3.850000,-0.838314,-0.713593,-0.758401,-0.651881,-0.759399,-0.650625
3.900000,-0.802635,-0.755508,-0.724859,-0.688986,-0.725932,-0.687766
3.950000,-0.764859,-0.795640,-0.689503,-0.724368,-0.690651,-0.723188
4.000000,-0.725077,-0.833883,-0.652423,-0.757937,-0.653644,-0.756802
4.050000,-0.683383,-0.870137,-0.613711,-0.789611,-0.615002,-0.788525
4.100000,-0.639876,-0.904306,-0.573463,-0.819310,-0.574824,-0.818277
4.150000,-0.594661,-0.936300,-0.531781,-0.846959,-0.533209,-0.845984
4.200000,-0.547846,-0.966033,-0.488768,-0.872489,-0.490261,-0.871576
4.250000,-0.499544,-0.993425,-0.444533,-0.895837,-0.446087,-0.894989
4.300000,-0.449873,-1.018402,-0.399185,-0.916944,-0.400799,-0.916166
4.350000,-0.398953,-1.040896,-0.352839,-0.935757,-0.354509,-0.935053
4.400000,-0.346908,-1.060844,-0.305610,-0.952229,-0.307333,-0.951602
4.450000,-0.293866,-1.078189,-0.257617,-0.966319,-0.259389,-0.965773
4.500000,-0.239956,-1.092882,-0.208979,-0.977992,-0.210796,-0.977530
4.550000,-0.185312,-1.104880,-0.159818,-0.987219,-0.161676,-0.986844
4.600000,-0.130068,-1.114146,-0.110257,-0.993975,-0.112153,-0.993691
4.650000,-0.074361,-1.120649,-0.060421,-0.998246,-0.062349,-0.998054
4.700000,-0.018329,-1.124367,-0.010433,-1.000019,-0.012389,-0.999923
4.750000,0.037890,-1.125284,0.039581,-0.999291,0.037602,-0.999293
4.800000,0.094154,-1.123389,0.089496,-0.996062,0.087499,-0.996165
4.850000,0.150323,-1.118682,0.139188,-0.990343,0.137177,-0.990547
4.900000,0.206258,-1.111165,0.188531,-0.982145,0.186512,-0.982453
4.950000,0.261816,-1.100853,0.237402,-0.971491,0.235381,-0.971903
5.000000,0.316858,-1.087762,0.285680,-0.958407,0.283662,-0.958924
5.050000,0.371247,-1.071919,0.333243,-0.942925,0.331234,-0.943549
5.100000,0.424842,-1.053357,0.379973,-0.925084,0.377978,-0.925815
5.150000,0.477510,-1.032114,0.425752,-0.904929,0.423777,-0.905767
5.200000,0.529116,-1.008239,0.470467,-0.882510,0.468517,-0.883455
5.250000,0.579528,-0.981783,0.514004,-0.857883,0.512085,-0.858934
5.300000,0.628617,-0.952807,0.556256,-0.831111,0.554374,-0.832267
5.350000,0.676257,-0.921376,0.597116,-0.802259,0.595278,-0.803520
5.400000,0.722326,-0.887563,0.636482,-0.771401,0.634693,-0.772764
5.450000,0.766704,-0.851447,0.674257,-0.738612,0.672522,-0.740077
5.500000,0.809277,-0.813111,0.710345,-0.703976,0.708670,-0.705540
5.550000,0.849932,-0.772648,0.744655,-0.667579,0.743046,-0.669240
5.600000,0.888565,-0.730151,0.777104,-0.629512,0.775566,-0.631267
5.650000,0.925072,-0.685723,0.807608,-0.589870,0.806147,-0.591716
5.700000,0.959358,-0.639469,0.836092,-0.548752,0.834713,-0.550686
5.750000,0.991332,-0.591501,0.862484,-0.506261,0.861192,-0.508279
5.800000,1.020907,-0.541935,0.886719,-0.462504,0.885520,-0.464602
5.850000,1.048004,-0.490889,0.908736,-0.417590,0.907633,-0.419764
5.900000,1.072548,-0.438489,0.928480,-0.371631,0.927478,-0.373877
5.950000,1.094473,-0.384862,0.945901,-0.324743,0.945005,-0.327055
6.000000,1.113716,-0.330138,0.960955,-0.277042,0.960170,-0.279415
6.050000,1.130222,-0.274452,0.973606,-0.228648,0.972935,-0.231078
6.100000,1.143945,-0.217941,0.983822,-0.179682,0.983268,-0.182163
6.150000,1.154842,-0.160744,0.991576,-0.130266,0.991144,-0.132792
6.200000,1.162879,-0.103002,0.996850,-0.080524,0.996542,-0.083089
6.250000,1.168029,-0.044858,0.999630,-0.030581,0.999449,-0.033179
6.300000,1.170272,0.013544,0.999910,0.019438,0.999859,0.016814
6.350000,1.169595,0.072057,0.997688,0.069410,0.997769,0.066765
6.400000,1.165992,0.130537,0.992970,0.119207,0.993185,0.116549
6.450000,1.159465,0.188837,0.985769,0.168707,0.986119,0.166042
6.500000,1.150024,0.246810,0.976101,0.217784,0.976588,0.215120
6.550000,1.137683,0.304311,0.963992,0.266317,0.964616,0.263660
6.600000,1.122468,0.361195,0.949471,0.314184,0.950233,0.311541
6.650000,1.104408,0.417319,0.932575,0.361265,0.933474,0.358644
6.700000,1.083542,0.472539,0.913346,0.407442,0.914383,0.404850
6.750000,1.059915,0.526716,0.891832,0.452600,0.893006,0.450044
6.800000,1.033579,0.579712,0.868087,0.496626,0.869397,0.494113
6.850000,1.004594,0.631391,0.842171,0.539409,0.843616,0.536948
6.900000,0.973024,0.681620,0.814148,0.580843,0.815725,0.578440
6.950000,0.938943,0.730272,0.784088,0.620825,0.785796,0.618486
7.000000,0.902429,0.777219,0.752067,0.659253,0.753902,0.656987
7.050000,0.863568,0.822340,0.718164,0.696032,0.720124,0.693845
7.100000,0.822451,0.865519,0.682464,0.731071,0.684547,0.728969
7.150000,0.779175,0.906641,0.645058,0.764280,0.647258,0.762271
7.200000,0.733843,0.945600,0.606038,0.795577,0.608351,0.793668
7.250000,0.686563,0.982292,0.565501,0.824885,0.567924,0.823081
7.300000,0.637449,1.016620,0.523550,0.852129,0.526078,0.850437
7.350000,0.586618,1.048493,0.480289,0.877241,0.482916,0.875667
7.400000,0.534193,1.077824,0.435827,0.900159,0.438547,0.898708
7.450000,0.480302,1.104533,0.390274,0.920825,0.393083,0.919503
7.500000,0.425075,1.128548,0.343745,0.939188,0.346635,0.938000
7.550000,0.368648,1.149802,0.296356,0.955201,0.299322,0.954152
7.600000,0.311158,1.168235,0.248225,0.968825,0.251260,0.967920
7.650000,0.252746,1.183793,0.199474,0.980025,0.202570,0.979268
7.700000,0.193556,1.196430,0.150223,0.988774,0.153374,0.988168
7.750000,0.133735,1.206108,0.100597,0.995049,0.103794,0.994599
7.800000,0.073430,1.212794,0.050718,0.998835,0.053955,0.998543
7.850000,0.012790,1.216466,0.000713,1.000122,0.003982,0.999992
7.900000,-0.048034,1.217105,-0.049294,0.998908,-0.046002,0.998941
7.950000,-0.108889,1.214704,-0.099177,0.995195,-0.095871,0.995394
8.000000,-0.169624,1.209259,-0.148813,0.988992,-0.145500,0.989358
8.050000,-0.230087,1.200778,-0.198077,0.980315,-0.194765,0.980850
8.100000,-0.290126,1.189274,-0.246845,0.969186,-0.243544,0.969890
8.150000,-0.349590,1.174767,-0.294996,0.955632,-0.291714,0.956506
8.200000,-0.408328,1.157288,-0.342408,0.939688,-0.339155,0.940731
8.250000,-0.466192,1.136872,-0.388965,0.921393,-0.385748,0.922604
8.300000,-0.523036,1.113562,-0.434548,0.900793,-0.431377,0.902172
8.350000,-0.578714,1.087410,-0.479045,0.877939,-0.475928,0.879484
8.400000,-0.633084,1.058474,-0.522343,0.852889,-0.519289,0.854599
8.450000,-0.686008,1.026820,-0.564334,0.825706,-0.561352,0.827577
8.500000,-0.737349,0.992520,-0.604914,0.796457,-0.602012,0.798487
8.550000,-0.786975,0.955652,-0.643981,0.765216,-0.641167,0.767401
8.600000,-0.834758,0.916304,-0.681437,0.732061,-0.678720,0.734397
8.650000,-0.880573,0.874566,-0.717188,0.697074,-0.714576,0.699557
8.700000,-0.924301,0.830537,-0.751145,0.660343,-0.748647,0.662969
8.750000,-0.965828,0.784322,-0.783224,0.621960,-0.780846,0.624724
8.800000,-1.005044,0.736031,-0.813342,0.582022,-0.811093,0.584917
8.850000,-1.041846,0.685778,-0.841427,0.540627,-0.839313,0.543648
8.900000,-1.076135,0.633686,-0.867406,0.497880,-0.865435,0.501021
8.950000,-1.107819,0.579879,-0.891216,0.453887,-0.889394,0.457141
9.000000,-1.136813,0.524488,-0.912796,0.408759,-0.911130,0.412118
9.050000,-1.163037,0.467648,-0.932093,0.362608,-0.930589,0.366066
9.100000,-1.186420,0.409496,-0.949059,0.315550,-0.947722,0.319098
9.150000,-1.206895,0.350175,-0.963650,0.267703,-0.962485,0.271333
9.200000,-1.224403,0.289830,-0.975831,0.219186,-0.974844,0.222890
9.250000,-1.238895,0.228610,-0.985570,0.170120,-0.984765,0.173889
9.300000,-1.250325,0.166665,-0.992844,0.120629,-0.992225,0.124454
9.350000,-1.258659,0.104149,-0.997634,0.070836,-0.997205,0.074708
9.400000,-1.263866,0.041216,-0.999929,0.020866,-0.999693,0.024775
9.450000,-1.265927,-0.021977,-0.999723,-0.029157,-0.999682,-0.025219
9.500000,-1.264828,-0.085274,-0.997015,-0.079106,-0.997172,-0.075151
9.550000,-1.260564,-0.148515,-0.991813,-0.128858,-0.992170,-0.124895
9.600000,-1.253139,-0.211543,-0.984131,-0.178288,-0.984688,-0.174327
9.650000,-1.242561,-0.274200,-0.973986,-0.227272,-0.974745,-0.223323
9.700000,-1.228851,-0.336328,-0.961405,-0.275687,-0.962365,-0.271761
9.750000,-1.212035,-0.397771,-0.946419,-0.323412,-0.947580,-0.319519
9.800000,-1.192146,-0.458372,-0.929065,-0.370329,-0.930426,-0.366479
9.850000,-1.169228,-0.517980,-0.909388,-0.416320,-0.910947,-0.412523
9.900000,-1.143329,-0.576441,-0.887435,-0.461269,-0.889191,-0.457536
9.950000,-1.114507,-0.633608,-0.863262,-0.505064,-0.865213,-0.501405
10.000000,-1.082826,-0.689333,-0.836930,-0.547595,-0.839072,-0.544021
10.050000,-1.048360,-0.743474,-0.808504,-0.588757,-0.810833,-0.585277
10.100000,-1.011186,-0.795892,-0.778056,-0.628447,-0.780568,-0.625071
10.150000,-0.971391,-0.846452,-0.745661,-0.666564,-0.748352,-0.663302
10.200000,-0.929069,-0.895021,-0.711400,-0.703014,-0.714266,-0.699875
10.250000,-0.884318,-0.941475,-0.675360,-0.737705,-0.678394,-0.734698
10.300000,-0.837244,-0.985690,-0.637631,-0.770551,-0.640826,-0.767686
10.350000,-0.787959,-1.027553,-0.598306,-0.801469,-0.601657,-0.798754
10.400000,-0.736582,-1.066951,-0.557485,-0.830383,-0.560984,-0.827826
10.450000,-0.683234,-1.103780,-0.515269,-0.857219,-0.518909,-0.854829
10.500000,-0.628045,-1.137941,-0.471764,-0.881911,-0.475537,-0.879696
10.550000,-0.571148,-1.169344,-0.427079,-0.904397,-0.430976,-0.902363
10.600000,-0.512681,-1.197901,-0.381325,-0.924620,-0.385338,-0.922775
10.650000,-0.452786,-1.223535,-0.334617,-0.942531,-0.338737,-0.940881
10.700000,-0.391609,-1.246174,-0.287073,-0.958083,-0.291289,-0.956635
10.750000,-0.329301,-1.265755,-0.238810,-0.971239,-0.243113,-0.969998
10.800000,-0.266013,-1.282220,-0.189949,-0.981966,-0.194330,-0.980936
10.850000,-0.201902,-1.295521,-0.140613,-0.990236,-0.145061,-0.989423
10.900000,-0.137126,-1.305616,-0.090926,-0.996029,-0.095429,-0.995436
10.950000,-0.071845,-1.312472,-0.041011,-0.999330,-0.045559,-0.998962
11.000000,-0.006221,-1.316064,0.009007,-1.000131,0.004426,-0.999990
11.050000,0.059582,-1.316375,0.059002,-0.998431,0.054399,-0.998519
11.100000,0.125401,-1.313396,0.108850,-0.994233,0.104236,-0.994553
11.150000,0.191070,-1.307126,0.158426,-0.987547,0.153813,-0.988100
11.200000,0.256427,-1.297573,0.207605,-0.978392,0.203005,-0.979178
11.250000,0.321305,-1.284751,0.256265,-0.966788,0.251690,-0.967808
11.300000,0.385543,-1.268686,0.304284,-0.952767,0.299745,-0.954019
11.350000,0.448977,-1.249409,0.351542,-0.936361,0.347052,-0.937846
11.400000,0.511448,-1.226960,0.397921,-0.917614,0.393491,-0.919329
11.450000,0.572796,-1.201388,0.443304,-0.896571,0.438946,-0.898513
11.500000,0.632865,-1.172748,0.487579,-0.873285,0.483305,-0.875452
11.550000,0.691502,-1.141105,0.530633,-0.847814,0.526455,-0.850203
11.600000,0.748558,-1.106530,0.572361,-0.820223,0.568290,-0.822829
11.650000,0.803884,-1.069102,0.612656,-0.790580,0.608704,-0.793398
11.700000,0.857339,-1.028907,0.651420,-0.758959,0.647596,-0.761984
11.750000,0.908785,-0.986040,0.688553,-0.725439,0.684870,-0.728665
11.800000,0.958087,-0.940601,0.723965,-0.690104,0.720432,-0.693525
11.850000,1.005117,-0.892697,0.757565,-0.653044,0.754194,-0.656652
11.900000,1.049752,-0.842441,0.789270,-0.614349,0.786070,-0.618137
11.950000,1.091874,-0.789953,0.819001,-0.574118,0.815982,-0.578077
12.000000,1.131371,-0.735360,0.846683,-0.532450,0.843854,-0.536573
12.050000,1.168139,-0.678791,0.872247,-0.489450,0.869617,-0.493727
12.100000,1.202079,-0.620384,0.895629,-0.445226,0.893206,-0.449647
12.150000,1.233098,-0.560280,0.916771,-0.399888,0.914563,-0.404444
12.200000,1.261112,-0.498625,0.935620,-0.353550,0.933634,-0.358229
12.250000,1.286043,-0.435570,0.952128,-0.306327,0.950371,-0.311119
12.300000,1.307822,-0.371268,0.966254,-0.258337,0.964733,-0.263232
12.350000,1.326385,-0.305877,0.977963,-0.209702,0.976683,-0.214686
12.400000,1.341679,-0.239557,0.987225,-0.160542,0.986192,-0.165604
12.450000,1.353657,-0.172473,0.994018,-0.110980,0.993237,-0.116108
12.500000,1.362281,-0.104791,0.998325,-0.061140,0.997798,-0.066322
12.550000,1.367520,-0.036677,1.000134,-0.011147,0.999866,-0.016370
12.600000,1.369354,0.031700,0.999441,0.038873,0.999435,0.033623
12.650000,1.367769,0.100167,0.996248,0.088797,0.996505,0.083532
12.700000,1.362761,0.168556,0.990563,0.138498,0.991085,0.133232
12.750000,1.354333,0.236694,0.982400,0.187853,0.983187,0.182599
12.800000,1.342498,0.304410,0.971779,0.236738,0.972833,0.231510
12.850000,1.327278,0.371535,0.958728,0.285031,0.960046,0.279842
12.900000,1.308701,0.437899,0.943278,0.332612,0.944860,0.327474
12.950000,1.286806,0.503334,0.925468,0.379360,0.927312,0.374289
13.000000,1.261639,0.567674,0.905343,0.425159,0.907447,0.420167
13.050000,1.233255,0.630756,0.882954,0.469895,0.885313,0.464995
13.100000,1.201718,0.692419,0.858355,0.513455,0.860967,0.508661
13.150000,1.167097,0.752505,0.831609,0.555731,0.834468,0.551056
13.200000,1.129471,0.810860,0.802783,0.596617,0.805884,0.592074
13.250000,1.088928,0.867333,0.771949,0.636010,0.775285,0.631611
13.300000,1.045562,0.921780,0.739184,0.673812,0.742749,0.669570
13.350000,0.999473,0.974058,0.704569,0.709929,0.708356,0.705855
13.400000,0.950770,1.024032,0.668192,0.744270,0.672193,0.740376
13.450000,0.899568,1.071570,0.630143,0.776750,0.634350,0.773046
13.500000,0.845990,1.116549,0.590518,0.807286,0.594921,0.803784
13.550000,0.790162,1.158848,0.549416,0.835803,0.554005,0.832514
13.600000,0.732220,1.198356,0.506939,0.862229,0.511704,0.859162
13.650000,0.672302,1.234967,0.463193,0.886498,0.468124,0.883663
13.700000,0.610554,1.268582,0.418290,0.908549,0.423375,0.905955
13.750000,0.547125,1.299110,0.372339,0.928328,0.377567,0.925982
13.800000,0.482169,1.326466,0.325457,0.945785,0.330815,0.943696
13.850000,0.415846,1.350575,0.277761,0.960875,0.283236,0.959050
13.900000,0.348317,1.371367,0.229370,0.973562,0.234950,0.972008
13.950000,0.279749,1.388783,0.180406,0.983814,0.186076,0.982535
14.000000,0.210310,1.402770,0.130989,0.991604,0.136737,0.990607
14.050000,0.140171,1.413286,0.081245,0.996914,0.087057,0.996203
14.100000,0.069507,1.420294,0.031298,0.999731,0.037158,0.999309
14.150000,-0.001508,1.423770,-0.018728,1.000046,-0.012833,0.999918
14.200000,-0.072696,1.423694,-0.068706,0.997859,-0.062792,0.998027
14.250000,-0.143881,1.420059,-0.118513,0.993177,-0.112594,0.993641
14.300000,-0.214884,1.412865,-0.168024,0.986010,-0.162114,0.986772
14.350000,-0.285527,1.402121,-0.217115,0.976376,-0.211230,0.977436
14.400000,-0.355633,1.387845,-0.265662,0.964300,-0.259817,0.965658
14.450000,-0.425026,1.370063,-0.313545,0.949811,-0.307755,0.951466
14.500000,-0.493529,1.348812,-0.360644,0.932947,-0.354924,0.934895
14.550000,-0.560969,1.324135,-0.406840,0.913748,-0.401206,0.915988
14.600000,-0.627176,1.296087,-0.452019,0.892264,-0.446485,0.894791
14.650000,-0.691980,1.264728,-0.496067,0.868548,-0.490648,0.871358
14.700000,-0.755217,1.230129,-0.538874,0.842659,-0.533584,0.845747
14.750000,-0.816723,1.192368,-0.580334,0.814662,-0.575187,0.818022
14.800000,-0.876342,1.151532,-0.620341,0.784627,-0.615352,0.788252
14.850000,-0.933918,1.107715,-0.658797,0.752629,-0.653980,0.756512
14.900000,-0.989304,1.061019,-0.695605,0.718748,-0.690972,0.722881
14.950000,-1.042355,1.011554,-0.730673,0.683070,-0.726238,0.687444
15.000000,-1.092933,0.959436,-0.763913,0.645682,-0.759688,0.650288
15.050000,-1.140904,0.904789,-0.795243,0.606679,-0.791239,0.611507
15.100000,-1.186144,0.847744,-0.824582,0.566159,-0.820813,0.571197
15.150000,-1.228531,0.788437,-0.851860,0.524222,-0.848335,0.529459
15.200000,-1.267953,0.727011,-0.877006,0.480974,-0.873737,0.486399
15.250000,-1.304304,0.663613,-0.899958,0.436522,-0.896955,0.442122
15.300000,-1.337484,0.598398,-0.920660,0.390979,-0.917931,0.396741
15.350000,-1.367404,0.531523,-0.939058,0.344457,-0.936612,0.350367
15.400000,-1.393980,0.463153,-0.955107,0.297073,-0.952953,0.303118
15.450000,-1.417138,0.393454,-0.968766,0.248947,-0.966912,0.255112
15.500000,-1.436811,0.322597,-0.980003,0.200197,-0.978453,0.206467
15.550000,-1.452941,0.250757,-0.988788,0.150947,-0.987550,0.157307
15.600000,-1.465478,0.178110,-0.995099,0.101319,-0.994178,0.107754
15.650000,-1.474384,0.104836,-0.998921,0.051437,-0.998321,0.057931
15.700000,-1.479626,0.031117,-1.000244,0.001427,-0.999968,0.007963
15.750000,-1.481181,-0.042865,-0.999065,-0.048587,-0.999117,-0.042024
15.800000,-1.479038,-0.116924,-0.995387,-0.098480,-0.995768,-0.091907
15.850000,-1.473192,-0.190876,-0.989219,-0.148126,-0.989930,-0.141560
15.900000,-1.463648,-0.264535,-0.980576,-0.197402,-0.981618,-0.190859
15.950000,-1.450422,-0.337718,-0.969480,-0.246184,-0.970852,-0.239680
16.000000,-1.433536,-0.410239,-0.955959,-0.294350,-0.957659,-0.287903
16.050000,-1.413024,-0.481915,-0.940047,-0.341780,-0.942073,-0.335407
16.100000,-1.388928,-0.552567,-0.921783,-0.388355,-0.924133,-0.382071
16.150000,-1.361300,-0.622013,-0.901213,-0.433959,-0.903882,-0.427781
16.200000,-1.330199,-0.690078,-0.878388,-0.478477,-0.881372,-0.472422
16.250000,-1.295695,-0.756588,-0.853366,-0.521798,-0.856660,-0.515882
16.300000,-1.257866,-0.821373,-0.826210,-0.563814,-0.829806,-0.558052
16.350000,-1.216797,-0.884266,-0.796986,-0.604420,-0.800878,-0.598828
16.400000,-1.172584,-0.945106,-0.765769,-0.643514,-0.769948,-0.638107
16.450000,-1.125328,-1.003735,-0.732636,-0.680998,-0.737094,-0.675791
16.500000,-1.075142,-1.060001,-0.697671,-0.716779,-0.702397,-0.711785
16.550000,-1.022142,-1.113759,-0.660959,-0.750766,-0.665945,-0.746001
16.600000,-0.966454,-1.164866,-0.622595,-0.782876,-0.627828,-0.778352
16.650000,-0.908210,-1.213188,-0.582673,-0.813027,-0.588142,-0.808758
16.700000,-0.847551,-1.258599,-0.541293,-0.841144,-0.546986,-0.837142
16.750000,-0.784621,-1.300976,-0.498559,-0.867157,-0.504463,-0.863433
16.800000,-0.719572,-1.340207,-0.454578,-0.891001,-0.460679,-0.887567
16.850000,-0.652562,-1.376186,-0.409460,-0.912617,-0.415743,-0.909482
16.900000,-0.583753,-1.408814,-0.363317,-0.931949,-0.369768,-0.929124
16.950000,-0.513312,-1.438002,-0.316266,-0.948950,-0.322869,-0.946444
17.000000,-0.441412,-1.463667,-0.268423,-0.963577,-0.275163,-0.961397
17.050000,-0.368228,-1.485738,-0.219909,-0.975794,-0.226770,-0.973948
17.100000,-0.293941,-1.504149,-0.170844,-0.985569,-0.177809,-0.984065
17.150000,-0.218734,-1.518846,-0.121352,-0.992880,-0.128404,-0.991722
17.200000,-0.142792,-1.529783,-0.071556,-0.997706,-0.078678,-0.996900
17.250000,-0.066303,-1.536923,-0.021582,-1.000037,-0.028756,-0.999586
17.300000,0.010544,-1.540238,0.028447,-0.999866,0.021239,-0.999774
17.350000,0.087555,-1.539711,0.078405,-0.997194,0.071180,-0.997463
17.400000,0.164541,-1.535333,0.128167,-0.992027,0.120944,-0.992659
17.450000,0.241308,-1.527106,0.177608,-0.984378,0.170405,-0.985374
17.500000,0.317663,-1.515040,0.226605,-0.974268,0.219440,-0.975626
17.550000,0.393415,-1.499157,0.275035,-0.961720,0.267927,-0.963439
17.600000,0.468373,-1.479487,0.322777,-0.946766,0.315744,-0.948844
17.650000,0.542347,-1.456068,0.369712,-0.929443,0.362772,-0.931878
17.700000,0.615151,-1.428951,0.415722,-0.909796,0.408893,-0.912582
17.750000,0.686598,-1.398193,0.460692,-0.887873,0.453992,-0.891006
17.800000,0.756508,-1.363863,0.504510,-0.863728,0.497956,-0.867202
17.850000,0.824701,-1.326038,0.547065,-0.837423,0.540676,-0.841231
17.900000,0.891003,-1.284803,0.588253,-0.809023,0.582044,-0.813157
17.950000,0.955243,-1.240253,0.627969,-0.778599,0.621958,-0.783051
18.000000,1.017256,-1.192490,0.666114,-0.746227,0.660317,-0.750987
18.050000,1.076880,-1.141628,0.702592,-0.711989,0.697025,-0.717047
18.100000,1.133961,-1.087784,0.737314,-0.675969,0.731991,-0.681314
18.150000,1.188351,-1.031086,0.770190,-0.638259,0.765128,-0.643878
18.200000,1.239905,-0.971668,0.801141,-0.598951,0.796352,-0.604833
18.250000,1.288488,-0.909673,0.830087,-0.558146,0.825586,-0.564276
18.300000,1.333972,-0.845248,0.856956,-0.515944,0.852757,-0.522309
18.350000,1.376234,-0.778550,0.881682,-0.472451,0.877795,-0.479036
18.400000,1.415162,-0.709738,0.904203,-0.427776,0.900640,-0.434566
18.450000,1.450649,-0.638980,0.924461,-0.382031,0.921234,-0.389009
18.500000,1.482598,-0.566448,0.942407,-0.335331,0.939525,-0.342481
18.550000,1.510920,-0.492318,0.957996,-0.287791,0.955468,-0.295096
18.600000,1.535536,-0.416772,0.971188,-0.239532,0.969022,-0.246974
18.650000,1.556375,-0.339995,0.981951,-0.190673,0.980155,-0.198234
18.700000,1.573374,-0.262176,0.990257,-0.141337,0.988837,-0.148999
18.750000,1.586483,-0.183507,0.996086,-0.091647,0.995048,-0.099392
18.800000,1.595659,-0.104183,0.999423,-0.041729,0.998772,-0.049536
18.850000,1.600868,-0.024400,1.000260,0.008295,1.000000,0.000444
18.900000,1.602088,0.055643,0.998595,0.058297,0.998728,0.050423
18.950000,1.599306,0.135747,0.994432,0.108154,0.994960,0.100275
19.000000,1.592518,0.215713,0.987781,0.157741,0.988705,0.149877
19.050000,1.581733,0.295339,0.978660,0.206933,0.979978,0.199105
19.100000,1.566966,0.374425,0.967090,0.255607,0.968802,0.247834
19.150000,1.548244,0.452774,0.953100,0.303642,0.955205,0.295944
19.200000,1.525606,0.530186,0.936727,0.350917,0.939220,0.343315
19.250000,1.499096,0.606466,0.918010,0.397315,0.920888,0.389827
19.300000,1.468773,0.681421,0.896997,0.442719,0.900254,0.435365
19.350000,1.434702,0.754860,0.873740,0.487015,0.877370,0.479815
19.400000,1.396959,0.826595,0.848297,0.530093,0.852292,0.523066
19.450000,1.355629,0.896443,0.820732,0.571846,0.825085,0.565009
19.500000,1.310807,0.964224,0.791113,0.612167,0.795815,0.605540
19.550000,1.262596,1.029764,0.759516,0.650958,0.764556,0.644557
19.600000,1.211108,1.092894,0.726019,0.688120,0.731386,0.681964
19.650000,1.156463,1.153450,0.690705,0.723561,0.696388,0.717665
19.700000,1.098791,1.211273,0.653664,0.757192,0.659649,0.751573
19.750000,1.038227,1.266212,0.614987,0.788928,0.621262,0.783603
19.800000,0.974916,1.318124,0.574772,0.818692,0.581322,0.813674
19.850000,0.909010,1.366869,0.533119,0.846407,0.539929,0.841711
19.900000,0.840667,1.412320,0.490132,0.872005,0.497186,0.867644
19.950000,0.770051,1.454353,0.445919,0.895421,0.453200,0.891409
20.000000,0.697333,1.492856,0.400591,0.916598,0.408082,0.912945
20.050000,0.622690,1.527722,0.354260,0.935482,0.361944,0.932200
20.100000,0.546304,1.558857,0.307043,0.952026,0.314901,0.949125
20.150000,0.468361,1.586172,0.259058,0.966188,0.267071,0.963677
20.200000,0.389053,1.609590,0.210425,0.977933,0.218573,0.975821
20.250000,0.308573,1.629043,0.161265,0.987232,0.169530,0.985525
20.300000,0.227121,1.644472,0.111702,0.994061,0.120062,0.992766
20.350000,0.144897,1.655828,0.061860,0.998403,0.070294,0.997526
20.400000,0.062106,1.663072,0.011862,1.000248,0.020351,0.999793
20.450000,-0.021048,1.666178,-0.038165,0.999591,-0.029643,0.999561
20.500000,-0.104356,1.665125,-0.088097,0.996434,-0.079564,0.996830
20.550000,-0.187613,1.659908,-0.137809,0.990783,-0.129285,0.991607
20.600000,-0.270608,1.650527,-0.187175,0.982654,-0.178683,0.983907
20.650000,-0.353134,1.636996,-0.236074,0.972067,-0.227635,0.973747
20.700000,-0.434984,1.619340,-0.284382,0.959048,-0.276017,0.961153
20.750000,-0.515951,1.597591,-0.331979,0.943630,-0.323710,0.946156
20.800000,-0.595831,1.571793,-0.378746,0.925852,-0.370593,0.928795
20.850000,-0.674420,1.542001,-0.424565,0.905757,-0.416551,0.909113
20.900000,-0.751521,1.508280,-0.469322,0.883397,-0.461467,0.887158
20.950000,-0.826935,1.470704,-0.512905,0.858826,-0.505229,0.862985
21.000000,-0.900470,1.429358,-0.555206,0.832108,-0.547729,0.836656
21.050000,-0.971938,1.384334,-0.596117,0.803307,-0.588860,0.808235
21.100000,-1.041154,1.335737,-0.635537,0.772497,-0.628519,0.777794
21.150000,-1.107941,1.283680,-0.673368,0.739755,-0.666607,0.745409
21.200000,-1.172125,1.228283,-0.709514,0.705162,-0.703029,0.711161
21.250000,-1.233539,1.169676,-0.743885,0.668805,-0.737694,0.675136
21.300000,-1.292023,1.107999,-0.776395,0.630774,-0.770514,0.637423
21.350000,-1.347423,1.043398,-0.806963,0.591166,-0.801409,0.598116
21.400000,-1.399593,0.976027,-0.835513,0.550079,-0.830301,0.557315
21.450000,-1.448394,0.906047,-0.861973,0.507616,-0.857118,0.515121
21.500000,-1.493697,0.833628,-0.886276,0.463883,-0.881792,0.471639
21.550000,-1.535378,0.758943,-0.908362,0.418989,-0.904262,0.426978
21.600000,-1.573325,0.682174,-0.928176,0.373047,-0.924472,0.381250
21.650000,-1.607434,0.603508,-0.945668,0.326172,-0.942371,0.334570
21.700000,-1.637609,0.523136,-0.960795,0.278481,-0.957915,0.287053
21.750000,-1.663766,0.441255,-0.973518,0.230093,-0.971064,0.238818
21.800000,-1.685829,0.358067,-0.983806,0.181129,-0.981787,0.189987
21.850000,-1.703732,0.273776,-0.991632,0.131713,-0.990055,0.140680
21.900000,-1.717421,0.188589,-0.996978,0.081967,-0.995849,0.091022
21.950000,-1.726850,0.102718,-0.999831,0.032015,-0.999154,0.041137
22.000000,-1.731986,0.016375,-1.000182,-0.018016,-0.999961,-0.008851
22.050000,-1.732805,-0.070224,-0.998031,-0.068003,-0.998269,-0.058817
22.100000,-1.729294,-0.156864,-0.993383,-0.117820,-0.994082,-0.108637
22.150000,-1.721451,-0.243329,-0.986250,-0.167341,-0.987410,-0.158184
22.200000,-1.709284,-0.329401,-0.976650,-0.216445,-0.978270,-0.207336
22.250000,-1.692814,-0.414866,-0.964607,-0.265007,-0.966685,-0.255970
22.300000,-1.672071,-0.499506,-0.950151,-0.312906,-0.952683,-0.303965
22.350000,-1.647096,-0.583110,-0.933318,-0.360022,-0.936301,-0.351199
22.400000,-1.617940,-0.665465,-0.914150,-0.406238,-0.917578,-0.397556
22.450000,-1.584667,-0.746362,-0.892696,-0.451438,-0.896562,-0.442919
22.500000,-1.547349,-0.825595,-0.869008,-0.495508,-0.873305,-0.487175
22.550000,-1.506069,-0.902962,-0.843146,-0.538339,-0.847865,-0.530213
22.600000,-1.460921,-0.978266,-0.815175,-0.579824,-0.820305,-0.571926
22.650000,-1.412008,-1.051312,-0.785165,-0.619858,-0.790696,-0.612209
22.700000,-1.359442,-1.121912,-0.753191,-0.658341,-0.759110,-0.650962
22.750000,-1.303346,-1.189884,-0.719332,-0.695178,-0.725627,-0.688088
22.800000,-1.243852,-1.255052,-0.683674,-0.730275,-0.690330,-0.723495
22.850000,-1.181100,-1.317244,-0.646306,-0.763546,-0.653307,-0.757093
22.900000,-1.115237,-1.376299,-0.607321,-0.794907,-0.614652,-0.788798
22.950000,-1.046423,-1.432061,-0.566816,-0.824280,-0.574461,-0.818532
23.000000,-0.974819,-1.484382,-0.524894,-0.851590,-0.532833,-0.846220
23.050000,-0.900600,-1.533123,-0.481658,-0.876770,-0.489874,-0.871793
23.100000,-0.823944,-1.578153,-0.437218,-0.899757,-0.445690,-0.895187
23.150000,-0.745037,-1.619351,-0.391683,-0.920493,-0.400392,-0.916344
23.200000,-0.664069,-1.656602,-0.345169,-0.938927,-0.354094,-0.935210
23.250000,-0.581239,-1.689806,-0.297791,-0.955012,-0.306910,-0.951738
23.300000,-0.496749,-1.718868,-0.249668,-0.968707,-0.258960,-0.965888
23.350000,-0.410805,-1.743705,-0.200921,-0.979980,-0.210362,-0.977624
23.400000,-0.323620,-1.764245,-0.151671,-0.988801,-0.161238,-0.986916
23.450000,-0.235408,-1.780426,-0.102041,-0.995149,-0.111711,-0.993741
23.500000,-0.146386,-1.792197,-0.052156,-0.999007,-0.061905,-0.998082
23.550000,-0.056776,-1.799516,-0.002141,-1.000366,-0.011945,-0.999929
23.600000,0.033199,-1.802355,0.047880,-0.999222,0.038046,-0.999276
23.650000,0.123317,-1.800695,0.097782,-0.995579,0.087941,-0.996126
23.700000,0.213352,-1.794529,0.147438,-0.989446,0.137617,-0.990486
23.750000,0.303078,-1.783862,0.196726,-0.980837,0.186949,-0.982370
23.800000,0.392271,-1.768708,0.245522,-0.969775,0.235813,-0.971798
23.850000,0.480707,-1.749094,0.293704,-0.956286,0.284088,-0.958798
23.900000,0.568161,-1.725059,0.341151,-0.940406,0.331653,-0.943401
23.950000,0.654414,-1.696651,0.387745,-0.922173,0.378389,-0.925647
24.000000,0.739247,-1.663930,0.433369,-0.901633,0.424179,-0.905578
24.050000,0.822443,-1.626968,0.477909,-0.878837,0.468909,-0.883247
24.100000,0.903792,-1.585845,0.521254,-0.853843,0.512467,-0.858707
24.150000,0.983084,-1.540656,0.563294,-0.826713,0.554744,-0.832021
24.200000,1.060117,-1.491502,0.603926,-0.797515,0.595634,-0.803256
24.250000,1.134692,-1.438496,0.643047,-0.766322,0.635036,-0.772483
24.300000,1.206617,-1.381761,0.680559,-0.733212,0.672850,-0.739779
24.350000,1.275705,-1.321430,0.716369,-0.698267,0.708983,-0.705226
24.400000,1.341776,-1.257645,0.750387,-0.661576,0.743344,-0.668910
24.450000,1.404659,-1.190556,0.782527,-0.623230,0.775846,-0.630922
24.500000,1.464186,-1.120323,0.812711,-0.583324,0.806409,-0.591358
24.550000,1.520203,-1.047114,0.840861,-0.541960,0.834957,-0.550315
24.600000,1.572558,-0.971104,0.866908,-0.499239,0.861418,-0.507897
24.650000,1.621113,-0.892476,0.890786,-0.455270,0.885726,-0.464209
24.700000,1.665737,-0.811420,0.912436,-0.410161,0.907820,-0.419361
24.750000,1.706308,-0.728133,0.931804,-0.364027,0.927644,-0.373465
24.800000,1.742715,-0.642818,0.948840,-0.316981,0.945151,-0.326635
24.850000,1.774856,-0.555682,0.963503,-0.269143,0.960294,-0.278989
24.900000,1.802640,-0.466940,0.975756,-0.220632,0.973038,-0.230646
24.950000,1.825987,-0.376808,0.985568,-0.171568,0.983349,-0.181726
25.000000,1.844827,-0.285508,0.992915,-0.122075,0.991203,-0.132352
25.050000,1.859103,-0.193267,0.997777,-0.072277,0.996579,-0.082647
25.100000,1.868766,-0.100312,1.000144,-0.022298,0.999464,-0.032735
25.150000,1.873782,-0.006873,1.000008,0.027737,0.999851,0.017258
25.200000,1.874125,0.086816,0.997372,0.077703,0.997739,0.067208
25.250000,1.869784,0.180522,0.992240,0.127475,0.993133,0.116990
25.300000,1.860758,0.274011,0.984626,0.176927,0.986045,0.166480
25.350000,1.847058,0.367049,0.974549,0.225937,0.976492,0.215554
25.400000,1.828705,0.459402,0.962033,0.274382,0.964498,0.264089
25.450000,1.805735,0.550837,0.947112,0.322141,0.950094,0.311963
25.500000,1.778193,0.641124,0.929821,0.369094,0.933315,0.359058
25.550000,1.746137,0.730034,0.910204,0.415124,0.914203,0.405256
25.600000,1.709636,0.817341,0.888310,0.460115,0.892806,0.450441
25.650000,1.668769,0.902822,0.864194,0.503955,0.869178,0.494499
25.700000,1.623627,0.986261,0.837916,0.546535,0.843377,0.537322
25.750000,1.574314,1.067442,0.809542,0.587748,0.815468,0.578802
25.800000,1.520942,1.146158,0.779142,0.627490,0.785521,0.618835
25.850000,1.463634,1.222205,0.746794,0.665663,0.753610,0.657321
25.900000,1.402524,1.295387,0.712577,0.702170,0.719816,0.694165
25.950000,1.337755,1.365513,0.676578,0.736922,0.684223,0.729273
26.000000,1.269479,1.432401,0.638886,0.769829,0.646919,0.762558
26.050000,1.197859,1.495875,0.599596,0.800811,0.607999,0.793938
26.100000,1.123065,1.555768,0.558806,0.829790,0.567559,0.823333
26.150000,1.045277,1.611921,0.516618,0.856693,0.525700,0.850670
26.200000,0.964681,1.664185,0.473138,0.881453,0.482527,0.875881
26.250000,0.881472,1.712419,0.428474,0.904008,0.438148,0.898903
26.300000,0.795851,1.756492,0.382738,0.924302,0.392674,0.919678
26.350000,0.708026,1.796285,0.336044,0.942283,0.346219,0.938154
26.400000,0.618212,1.831686,0.288510,0.957908,0.298898,0.954285
26.450000,0.526628,1.862597,0.240254,0.971136,0.250830,0.968031
26.500000,0.433498,1.888928,0.191397,0.981935,0.202135,0.979358
26.550000,0.339051,1.910603,0.142061,0.990277,0.152935,0.988236
26.600000,0.243521,1.927556,0.092369,0.996142,0.103353,0.994645
26.650000,0.147143,1.939732,0.042447,0.999516,0.053512,0.998567
26.700000,0.050157,1.947089,-0.007582,1.000389,0.003538,0.999994
26.750000,-0.047198,1.949597,-0.057592,0.998759,-0.046446,0.998921
26.800000,-0.144677,1.947237,-0.107458,0.994631,-0.096313,0.995351
26.850000,-0.242039,1.940003,-0.157055,0.988015,-0.145939,0.989294
26.900000,-0.339039,1.927901,-0.206260,0.978927,-0.195201,0.980763
26.950000,-0.435434,1.910949,-0.254948,0.967390,-0.243975,0.969782
27.000000,-0.530982,1.889177,-0.302999,0.953434,-0.292139,0.956376
27.050000,-0.625441,1.862628,-0.350292,0.937092,-0.339573,0.940580
27.100000,-0.718572,1.831356,-0.396709,0.918406,-0.386158,0.922433
27.150000,-0.810140,1.795428,-0.442133,0.897422,-0.431777,0.901980
27.200000,-0.899911,1.754921,-0.486452,0.874194,-0.476318,0.879273
27.250000,-0.987657,1.709925,-0.529553,0.848779,-0.519668,0.854368
27.300000,-1.073154,1.660542,-0.571330,0.821240,-0.561719,0.827328
27.350000,-1.156181,1.606884,-0.611678,0.791647,-0.602366,0.798220
27.400000,-1.236525,1.549075,-0.650496,0.760074,-0.641508,0.767116
27.450000,-1.313979,1.487249,-0.687686,0.726599,-0.679046,0.734096
27.500000,-1.388341,1.421550,-0.723157,0.691306,-0.714887,0.699240
27.550000,-1.459419,1.352133,-0.756818,0.654284,-0.748941,0.662637
27.600000,-1.527025,1.279162,-0.788586,0.615625,-0.781123,0.624377
27.650000,-1.590983,1.202811,-0.818382,0.575427,-0.811353,0.584557
27.700000,-1.651124,1.123262,-0.846130,0.533788,-0.839554,0.543276
27.750000,-1.707287,1.040706,-0.871762,0.490814,-0.865658,0.500636
27.800000,-1.759322,0.955341,-0.895213,0.446613,-0.889597,0.456746
27.850000,-1.807089,0.867375,-0.916425,0.401294,-0.911313,0.411714
27.900000,-1.850458,0.777021,-0.935344,0.354971,-0.930751,0.365653
27.950000,-1.889309,0.684498,-0.951923,0.307760,-0.947863,0.318677
28.000000,-1.923534,0.590032,-0.966121,0.259779,-0.962606,0.270906
28.050000,-1.953036,0.493856,-0.977902,0.211149,-0.974943,0.222457
28.100000,-1.977728,0.396204,-0.987238,0.161989,-0.984842,0.173452
28.150000,-1.997539,0.297317,-0.994103,0.112425,-0.992280,0.124014
28.200000,-2.012405,0.197440,-0.998482,0.062579,-0.997239,0.074265
28.250000,-2.022277,0.096820,-1.000362,0.012577,-0.999704,0.024331
28.300000,-2.027118,-0.004294,-0.999741,-0.037457,-0.999671,-0.025663
28.350000,-2.026903,-0.105650,-0.996618,-0.087397,-0.997139,-0.075594
28.400000,-2.021620,-0.206995,-0.991003,-0.137119,-0.992114,-0.125336
28.450000,-2.011271,-0.308076,-0.982908,-0.186497,-0.984610,-0.174764
28.500000,-1.995867,-0.408639,-0.972355,-0.235410,-0.974645,-0.223756
28.550000,-1.975435,-0.508433,-0.959369,-0.283733,-0.962244,-0.272188
28.600000,-1.950013,-0.607204,-0.943983,-0.331347,-0.947438,-0.319940
28.650000,-1.919653,-0.704705,-0.926235,-0.378132,-0.930263,-0.366892
28.700000,-1.884418,-0.800688,-0.906171,-0.423971,-0.910764,-0.412928
28.750000,-1.844383,-0.894909,-0.883840,-0.468750,-0.888988,-0.457931
28.800000,-1.799638,-0.987128,-0.859297,-0.512356,-0.864990,-0.501789
28.850000,-1.750282,-1.077110,-0.832606,-0.554680,-0.838830,-0.544394
28.900000,-1.696426,-1.164624,-0.803831,-0.595617,-0.810573,-0.585637
28.950000,-1.638195,-1.249445,-0.773045,-0.635064,-0.780291,-0.625417
29.000000,-1.575723,-1.331355,-0.740326,-0.672922,-0.748058,-0.663634
29.050000,-1.509155,-1.410141,-0.705754,-0.709098,-0.713955,-0.700192
29.100000,-1.438648,-1.485599,-0.669417,-0.743499,-0.678068,-0.735000
29.150000,-1.364368,-1.557531,-0.631405,-0.776040,-0.640485,-0.767970
29.200000,-1.286491,-1.625749,-0.591814,-0.806641,-0.601302,-0.799021
29.250000,-1.205204,-1.690074,-0.550742,-0.835223,-0.560617,-0.828076
29.300000,-1.120700,-1.750334,-0.508293,-0.861716,-0.518529,-0.855060
29.350000,-1.033184,-1.806369,-0.464572,-0.886054,-0.475146,-0.879907
29.400000,-0.942865,-1.858028,-0.419688,-0.908175,-0.430575,-0.902555
29.450000,-0.849964,-1.905172,-0.373755,-0.928024,-0.384928,-0.922946
29.500000,-0.754705,-1.947670,-0.326886,-0.945551,-0.338319,-0.941031
29.550000,-0.657322,-1.985405,-0.279200,-0.960714,-0.290864,-0.956764
29.600000,-0.558051,-2.018271,-0.230816,-0.973473,-0.242683,-0.970106
29.650000,-0.457138,-2.046174,-0.181853,-0.983797,-0.193894,-0.981022
29.700000,-0.354829,-2.069031,-0.132436,-0.991660,-0.144621,-0.989487
29.750000,-0.251378,-2.086772,-0.082688,-0.997042,-0.094987,-0.995479
29.800000,-0.147039,-2.099341,-0.032732,-0.999930,-0.045115,-0.998982
29.850000,-0.042072,-2.106693,0.017305,-1.000317,0.004870,-0.999988
29.900000,0.063263,-2.108796,0.067299,-0.998201,0.054842,-0.998495
29.950000,0.168703,-2.105633,0.117125,-0.993588,0.104678,-0.994506
30.000000,0.273984,-2.097198,0.166658,-0.986490,0.154251,-0.988032
30.050000,0.378844,-2.083499,0.215775,-0.976924,0.203440,-0.979087
30.100000,0.483019,-2.064557,0.264351,-0.964914,0.252119,-0.967696
30.150000,0.586247,-2.040406,0.312266,-0.950491,0.300169,-0.953886
30.200000,0.688267,-2.011094,0.359400,-0.933689,0.347468,-0.937692
30.250000,0.788822,-1.976680,0.405636,-0.914552,0.393899,-0.919154
30.300000,0.887656,-1.937239,0.450856,-0.893127,0.439345,-0.898318
30.350000,0.984518,-1.892856,0.494949,-0.869468,0.483693,-0.875237
30.400000,1.079161,-1.843630,0.537804,-0.843634,0.526833,-0.849969
30.450000,1.171342,-1.789672,0.579313,-0.815689,0.568655,-0.822576
30.500000,1.260826,-1.731105,0.619373,-0.785704,0.609056,-0.793127
30.550000,1.347381,-1.668064,0.657884,-0.753753,0.647935,-0.761696
30.600000,1.430784,-1.600695,0.694750,-0.719916,0.685194,-0.728361
30.650000,1.510819,-1.529156,0.729877,-0.684279,0.720740,-0.693205
30.700000,1.587277,-1.453615,0.763179,-0.646930,0.754485,-0.656317
30.750000,1.659957,-1.374251,0.794571,-0.607962,0.786345,-0.617788
30.800000,1.728670,-1.291253,0.823976,-0.567474,0.816239,-0.577715
30.850000,1.793233,-1.204820,0.851320,-0.525566,0.844092,-0.536198
30.900000,1.853474,-1.115158,0.876534,-0.482343,0.869836,-0.493341
30.950000,1.909232,-1.022484,0.899555,-0.437913,0.893406,-0.449251
31.000000,1.960356,-0.927023,0.920327,-0.392388,0.914742,-0.404038
31.050000,2.006707,-0.829005,0.938796,-0.345881,0.933793,-0.357815
31.100000,2.048157,-0.728670,0.954916,-0.298509,0.950509,-0.310697
31.150000,2.084591,-0.626262,0.968648,-0.250390,0.964849,-0.262803
31.200000,2.115904,-0.522032,0.979957,-0.201645,0.976778,-0.214253
31.250000,2.142005,-0.416237,0.988814,-0.152395,0.986266,-0.165166
31.300000,2.162817,-0.309137,0.995198,-0.102763,0.993288,-0.115667
31.350000,2.178274,-0.200996,0.999092,-0.052875,0.997828,-0.065879
31.400000,2.188324,-0.092082,1.000487,-0.002854,0.999873,-0.015926
31.450000,2.192928,0.017334,0.999379,0.047173,0.999420,0.034067
31.500000,2.192061,0.126980,0.995771,0.097083,0.996468,0.083974
31.550000,2.185712,0.236584,0.989672,0.146751,0.991026,0.133672
31.600000,2.173883,0.345869,0.981097,0.196051,0.983106,0.183036
31.650000,2.156590,0.454563,0.970068,0.244861,0.972730,0.231942
31.700000,2.133861,0.562393,0.956613,0.293058,0.959922,0.280268
31.750000,2.105742,0.669086,0.940764,0.340522,0.944715,0.327894
31.800000,2.072287,0.774373,0.922562,0.387135,0.927146,0.374700
31.850000,2.033569,0.877987,0.902052,0.432779,0.907260,0.420570
31.900000,1.989669,0.979666,0.879286,0.477341,0.885107,0.465388
31.950000,1.940686,1.079149,0.854320,0.520708,0.860741,0.509044
32.000000,1.886729,1.176184,0.827216,0.562773,0.834223,0.551427
32.050000,1.827919,1.270520,0.798044,0.603431,0.805621,0.592431
32.100000,1.764393,1.361916,0.766874,0.642579,0.775005,0.631955
32.150000,1.696298,1.450136,0.733787,0.680119,0.742452,0.669900
32.200000,1.623791,1.534950,0.698864,0.715958,0.708043,0.706169
32.250000,1.547043,1.616140,0.662192,0.750007,0.671864,0.740674
32.300000,1.466236,1.693492,0.623864,0.782179,0.634006,0.773328
32.350000,1.381562,1.766804,0.583975,0.812394,0.594564,0.804049
32.400000,1.293222,1.835882,0.542626,0.840577,0.553635,0.832759
32.450000,1.201427,1.900543,0.499919,0.866658,0.511322,0.859389
32.500000,1.106400,1.960615,0.455961,0.890571,0.467732,0.883870
32.550000,1.008370,2.015935,0.410862,0.912255,0.422972,0.906143
32.600000,0.907573,2.066353,0.364736,0.931658,0.377155,0.926150
32.650000,0.804255,2.111732,0.317697,0.948730,0.330396,0.943842
32.700000,0.698669,2.151944,0.269863,0.963429,0.282810,0.959176
32.750000,0.591071,2.186878,0.221355,0.975718,0.234518,0.972112
32.800000,0.481728,2.216431,0.172292,0.985566,0.185640,0.982618
32.850000,0.370906,2.240518,0.122798,0.992949,0.136297,0.990668
32.900000,0.258880,2.259063,0.072997,0.997848,0.086614,0.996242
32.950000,0.145927,2.272007,0.023014,1.000250,0.036715,0.999326
33.000000,0.032327,2.279303,-0.027027,1.000151,-0.013277,0.999912
33.050000,-0.081639,2.280920,-0.077001,0.997549,-0.063235,0.997999
33.100000,-0.195685,2.276838,-0.126782,0.992452,-0.113035,0.993591
33.150000,-0.309527,2.267054,-0.176247,0.984872,-0.162553,0.986700
33.200000,-0.422879,2.251577,-0.225270,0.974829,-0.211664,0.977343
33.250000,-0.535458,2.230433,-0.273730,0.962347,-0.260246,0.965542
33.300000,-0.646980,2.203660,-0.321505,0.947458,-0.308178,0.951329
33.350000,-0.757163,2.171311,-0.368476,0.930198,-0.355339,0.934737
33.400000,-0.865728,2.133453,-0.414525,0.910611,-0.401613,0.915810
33.450000,-0.972401,2.090167,-0.459538,0.888747,-0.446882,0.894593
33.500000,-1.076909,2.041547,-0.503401,0.864659,-0.491035,0.871140
33.550000,-1.178987,1.987701,-0.546004,0.838408,-0.533960,0.845510
33.600000,-1.278372,1.928752,-0.587242,0.810060,-0.575550,0.817766
33.650000,-1.374809,1.864833,-0.627011,0.779685,-0.615702,0.787979
33.700000,-1.468051,1.796093,-0.665212,0.747360,-0.654316,0.756222
33.750000,-1.557856,1.722690,-0.701748,0.713165,-0.691293,0.722574
33.800000,-1.643990,1.644798,-0.736529,0.677187,-0.726543,0.687121
33.850000,-1.726230,1.562598,-0.769468,0.639514,-0.759977,0.649950
33.900000,-1.804360,1.476287,-0.800482,0.600241,-0.791511,0.611155
33.950000,-1.878174,1.386069,-0.829493,0.559466,-0.821067,0.570832
34.000000,-1.947478,1.292160,-0.856430,0.517292,-0.848570,0.529083
34.050000,-2.012086,1.194786,-0.881224,0.473824,-0.873953,0.486011
34.100000,-2.071825,1.094182,-0.903813,0.429171,-0.897151,0.441724
34.150000,-2.126534,0.990591,-0.924142,0.383444,-0.918107,0.396333
34.200000,-2.176064,0.884264,-0.942159,0.336757,-0.936768,0.349951
34.250000,-2.220277,0.775461,-0.957819,0.289228,-0.953087,0.302695
34.300000,-2.259050,0.664447,-0.971083,0.240976,-0.967025,0.254682
34.350000,-2.292272,0.551494,-0.981918,0.192121,-0.978545,0.206033
34.400000,-2.319847,0.436881,-0.990297,0.142784,-0.987619,0.156869
34.450000,-2.341691,0.320888,-0.996198,0.093091,-0.994225,0.107312
34.500000,-2.357735,0.203804,-0.999608,0.043165,-0.998346,0.057487
34.550000,-2.367926,0.085917,-1.000516,-0.006869,-0.999972,0.007519
34.600000,-2.372221,-0.032479,-0.998922,-0.056887,-0.999098,-0.042468
34.650000,-2.370597,-0.151090,-0.994829,-0.106762,-0.995727,-0.092349
34.700000,-2.363043,-0.269620,-0.988248,-0.156370,-0.989867,-0.141999
34.750000,-2.349562,-0.387772,-0.979194,-0.205587,-0.981533,-0.191294
34.800000,-2.330173,-0.505250,-0.967691,-0.254289,-0.970745,-0.240112
34.850000,-2.304911,-0.621759,-0.953766,-0.302356,-0.957532,-0.288329
34.900000,-2.273823,-0.737005,-0.937456,-0.349666,-0.941924,-0.335825
34.950000,-2.236973,-0.850696,-0.918801,-0.396102,-0.923963,-0.382482
35.000000,-2.194438,-0.962544,-0.897848,-0.441547,-0.903692,-0.428183
35.050000,-2.146311,-1.072266,-0.874648,-0.485888,-0.881163,-0.472813
35.100000,-2.092697,-1.179582,-0.849260,-0.529013,-0.856431,-0.516262
35.150000,-2.033718,-1.284217,-0.821748,-0.570814,-0.829558,-0.558421
35.200000,-1.969507,-1.385903,-0.792180,-0.611188,-0.800612,-0.599183
35.250000,-1.900212,-1.484378,-0.760631,-0.650033,-0.769665,-0.638449
35.300000,-1.825993,-1.579389,-0.727178,-0.687252,-0.736794,-0.676118
35.350000,-1.747024,-1.670688,-0.691907,-0.722752,-0.702081,-0.712097
35.400000,-1.663489,-1.758039,-0.654904,-0.756444,-0.665613,-0.746297
35.450000,-1.575587,-1.841214,-0.616263,-0.788244,-0.627482,-0.778631
35.500000,-1.483527,-1.919993,-0.576081,-0.818071,-0.587783,-0.809019
35.550000,-1.387527,-1.994170,-0.534457,-0.845853,-0.546614,-0.837385
35.600000,-1.287819,-2.063546,-0.491496,-0.871518,-0.504079,-0.863657
35.650000,-1.184641,-2.127937,-0.447306,-0.895004,-0.460284,-0.887772
35.700000,-1.078244,-2.187169,-0.401997,-0.916250,-0.415339,-0.909667
35.750000,-0.968886,-2.241081,-0.355682,-0.935205,-0.369356,-0.929288
35.800000,-0.856832,-2.289526,-0.308477,-0.951820,-0.322449,-0.946587
35.850000,-0.742356,-2.332367,-0.260500,-0.966054,-0.274736,-0.961520
35.900000,-0.625737,-2.369485,-0.211872,-0.977872,-0.226337,-0.974049
35.950000,-0.507263,-2.400772,-0.162714,-0.987243,-0.177372,-0.984144
36.000000,-0.387225,-2.426135,-0.113148,-0.994144,-0.127964,-0.991779
36.050000,-0.265918,-2.445496,-0.063299,-0.998559,-0.078235,-0.996935
36.100000,-0.143643,-2.458792,-0.013292,-1.000476,-0.028312,-0.999599
36.150000,-0.020703,-2.465974,0.036748,-0.999890,0.021683,-0.999765
36.200000,0.102595,-2.467009,0.086697,-0.996803,0.071623,-0.997432
36.250000,0.225946,-2.461880,0.136428,-0.991222,0.121384,-0.992606
36.300000,0.349040,-2.450582,0.185819,-0.983161,0.170842,-0.985298
36.350000,0.471569,-2.433130,0.234745,-0.972641,0.219873,-0.975528
36.400000,0.593225,-2.409552,0.283083,-0.959688,0.268355,-0.963320
36.450000,0.713703,-2.379891,0.330714,-0.944335,0.316165,-0.948704
36.500000,0.832698,-2.344205,0.377517,-0.926619,0.363185,-0.931717
36.550000,0.949908,-2.302571,0.423376,-0.906584,0.409298,-0.912401
36.600000,1.065036,-2.255075,0.468176,-0.884282,0.454387,-0.890804
36.650000,1.177790,-2.201823,0.511805,-0.859768,0.498341,-0.866981
36.700000,1.287881,-2.142934,0.554154,-0.833103,0.541049,-0.840991
36.750000,1.395028,-2.078540,0.595116,-0.804354,0.582405,-0.812899
36.800000,1.498955,-2.008788,0.634590,-0.773593,0.622305,-0.782775
36.850000,1.599394,-1.933841,0.672477,-0.740896,0.660650,-0.750694
36.900000,1.696086,-1.853871,0.708681,-0.706346,0.697344,-0.716737
36.950000,1.788780,-1.769067,0.743112,-0.670029,0.732294,-0.680989
37.000000,1.877233,-1.679628,0.775685,-0.632036,0.765414,-0.643538
37.050000,1.961215,-1.585766,0.806317,-0.592462,0.796621,-0.604479
37.100000,2.040503,-1.487705,0.834932,-0.551406,0.825837,-0.563909
37.150000,2.114888,-1.385680,0.861459,-0.508970,0.852988,-0.521930
37.200000,2.184172,-1.279936,0.885831,-0.465260,0.878008,-0.478646
37.250000,2.248169,-1.170727,0.907986,-0.420387,0.900833,-0.434166
37.300000,2.306705,-1.058319,0.927871,-0.374463,0.921406,-0.388600
37.350000,2.359621,-0.942983,0.945434,-0.327601,0.939677,-0.342063
37.400000,2.406770,-0.825002,0.960632,-0.279920,0.955599,-0.294672
37.450000,2.448021,-0.704664,0.973427,-0.231538,0.969132,-0.246543
37.500000,2.483254,-0.582263,0.983788,-0.182577,0.980243,-0.197799
37.550000,2.512367,-0.458100,0.991687,-0.133160,0.988903,-0.148560
37.600000,2.535272,-0.332482,0.997105,-0.083409,0.995092,-0.098950
37.650000,2.551896,-0.205718,1.000029,-0.033450,0.998794,-0.049092
37.700000,2.562182,-0.078123,1.000452,0.016594,1.000000,0.000888
37.750000,2.566088,0.049986,0.998371,0.066596,0.998705,0.050866
37.800000,2.563589,0.178290,0.993794,0.116431,0.994915,0.100717
37.850000,2.554674,0.306470,0.986730,0.165975,0.988638,0.150316
37.900000,2.539351,0.434203,0.977198,0.215104,0.979890,0.199540
37.950000,2.517641,0.561171,0.965221,0.263695,0.968692,0.248264
38.000000,2.489582,0.687053,0.950830,0.311626,0.955074,0.296369
38.050000,2.455229,0.811532,0.934060,0.358778,0.939068,0.343732
38.100000,2.414653,0.934294,0.914953,0.405033,0.920715,0.390236
38.150000,2.367938,1.055026,0.893558,0.450274,0.900060,0.435765
38.200000,2.315187,1.173423,0.869927,0.494389,0.877156,0.480205
38.250000,2.256516,1.289182,0.844120,0.537268,0.852060,0.523444
38.300000,2.192057,1.402008,0.816202,0.578802,0.824834,0.565375
38.350000,2.121956,1.511611,0.786242,0.618889,0.795546,0.605893
38.400000,2.046376,1.617709,0.754314,0.657427,0.764270,0.644897
38.450000,1.965490,1.720028,0.720500,0.694321,0.731083,0.682288
38.500000,1.879489,1.818302,0.684883,0.729478,0.696069,0.717975
38.550000,1.788574,1.912277,0.647553,0.762811,0.659316,0.751866
38.600000,1.692960,2.001705,0.608603,0.794235,0.620914,0.783879
38.650000,1.592875,2.086353,0.568131,0.823672,0.580960,0.813932
38.700000,1.488557,2.165997,0.526237,0.851049,0.539555,0.841951
38.750000,1.380257,2.240425,0.483027,0.876297,0.496800,0.867865
38.800000,1.268236,2.309438,0.438608,0.899353,0.452804,0.891610
38.850000,1.152764,2.372849,0.393092,0.920159,0.407677,0.913126
38.900000,1.034121,2.430488,0.346593,0.938664,0.361530,0.932361
38.950000,0.912597,2.482194,0.299227,0.954820,0.314479,0.949264
39.000000,0.788487,2.527824,0.251112,0.968588,0.266643,0.963795
39.050000,0.662096,2.567248,0.202368,0.979933,0.218140,0.975917
39.100000,0.533734,2.600353,0.153119,0.988826,0.169092,0.985600
39.150000,0.403716,2.627039,0.103486,0.995246,0.119621,0.992820
39.200000,0.272364,2.647225,0.053594,0.999176,0.069851,0.997557
39.250000,0.140003,2.660843,0.003568,1.000607,0.019907,0.999802
39.300000,0.006961,2.667844,-0.046466,0.999535,-0.030087,0.999547
39.350000,-0.126431,2.668192,-0.096385,0.995962,-0.080006,0.996794
39.400000,-0.259841,2.661870,-0.146063,0.989898,-0.129725,0.991550
39.450000,-0.392934,2.648878,-0.195375,0.981357,-0.179120,0.983827
39.500000,-0.525378,2.629231,-0.244199,0.970362,-0.228067,0.973645
39.550000,-0.656840,2.602962,-0.292411,0.956939,-0.276444,0.961030
39.600000,-0.786988,2.570120,-0.339893,0.941122,-0.324130,0.946013
39.650000,-0.915494,2.530771,-0.386524,0.922951,-0.371006,0.928631
39.700000,-1.042033,2.484996,-0.432189,0.902471,-0.416954,0.908927
39.750000,-1.166282,2.432895,-0.476772,0.879734,-0.461861,0.886953
39.800000,-1.287927,2.374581,-0.520163,0.854796,-0.505613,0.862761
39.850000,-1.406656,2.310184,-0.562252,0.827719,-0.548101,0.836412
39.900000,-1.522165,2.239851,-0.602935,0.798572,-0.589219,0.807973
39.950000,-1.634158,2.163743,-0.642110,0.767427,-0.628864,0.777515
40.000000,-1.742345,2.082035,-0.679679,0.734362,-0.666938,0.745113
40.050000,-1.846447,1.994918,-0.715547,0.699460,-0.703345,0.710849
40.100000,-1.946193,1.902596,-0.749626,0.662808,-0.737993,0.674808
40.150000,-2.041323,1.805286,-0.781829,0.624498,-0.770797,0.637080
40.200000,-2.131587,1.703220,-0.812077,0.584626,-0.801675,0.597760
40.250000,-2.216748,1.596640,-0.840293,0.543292,-0.830549,0.556946
40.300000,-2.296580,1.485803,-0.866407,0.500598,-0.857346,0.514740
40.350000,-2.370870,1.370974,-0.890354,0.456652,-0.882001,0.471247
40.400000,-2.439419,1.252431,-0.912074,0.411563,-0.904451,0.426577
40.450000,-2.502040,1.130460,-0.931512,0.365445,-0.924641,0.380840
40.500000,-2.558563,1.005358,-0.948620,0.318413,-0.942519,0.334151
40.550000,-2.608831,0.877429,-0.963355,0.270584,-0.958042,0.286627
40.600000,-2.652703,0.746988,-0.975680,0.222078,-0.971170,0.238387
40.650000,-2.690052,0.614353,-0.985564,0.173016,-0.981871,0.189551
40.700000,-2.720770,0.479850,-0.992983,0.123522,-0.990117,0.140241
40.750000,-2.744762,0.343812,-0.997918,0.073718,-0.995889,0.090580
40.800000,-2.761953,0.206574,-1.000356,0.023730,-0.999172,0.040693
40.850000,-2.772281,0.068476,-1.000292,-0.026317,-0.999957,-0.009295
40.900000,-2.775705,-0.070138,-0.997726,-0.076299,-0.998243,-0.059261
40.950000,-2.772198,-0.208923,-0.992664,-0.126090,-0.994033,-0.109078
41.000000,-2.761752,-0.347533,-0.985119,-0.175566,-0.987339,-0.158623
41.050000,-2.744375,-0.485621,-0.975109,-0.224602,-0.978178,-0.207771
41.100000,-2.720094,-0.622840,-0.962660,-0.273077,-0.966571,-0.256400
41.150000,-2.688952,-0.758844,-0.947803,-0.320868,-0.952548,-0.304388
41.200000,-2.651010,-0.893292,-0.930575,-0.367857,-0.936145,-0.351615
41.250000,-2.606346,-1.025843,-0.911019,-0.413926,-0.917401,-0.397963
41.300000,-2.555054,-1.156160,-0.889183,-0.458960,-0.896365,-0.443317
41.350000,-2.497246,-1.283913,-0.865124,-0.502845,-0.873088,-0.487562
41.400000,-2.433050,-1.408775,-0.838900,-0.545473,-0.847629,-0.530589
41.450000,-2.362611,-1.530427,-0.810578,-0.586736,-0.820051,-0.572290
41.500000,-2.286090,-1.648558,-0.780228,-0.626532,-0.790424,-0.612560
41.550000,-2.203662,-1.762862,-0.747926,-0.664760,-0.758821,-0.651299
41.600000,-2.115519,-1.873045,-0.713753,-0.701325,-0.725321,-0.688411
41.650000,-2.021867,-1.978821,-0.677795,-0.736136,-0.690009,-0.723801
41.700000,-1.922925,-2.079915,-0.640141,-0.769106,-0.652971,-0.757383
41.750000,-1.818930,-2.176061,-0.600885,-0.800151,-0.614302,-0.789071
41.800000,-1.710127,-2.267007,-0.560127,-0.829196,-0.574097,-0.818787
41.850000,-1.596776,-2.352514,-0.517967,-0.856165,-0.532457,-0.846457
41.900000,-1.479151,-2.432353,-0.474511,-0.880994,-0.489487,-0.872011
41.950000,-1.357533,-2.506310,-0.429868,-0.903618,-0.445292,-0.895385
42.000000,-1.232217,-2.574187,-0.384150,-0.923982,-0.399985,-0.916522
42.050000,-1.103508,-2.635798,-0.337471,-0.942034,-0.353678,-0.935367
42.100000,-0.971718,-2.690973,-0.289947,-0.957730,-0.306488,-0.951875
42.150000,-0.837170,-2.739559,-0.241698,-0.971030,-0.258531,-0.966003
42.200000,-0.700192,-2.781417,-0.192844,-0.981902,-0.209928,-0.977717
42.250000,-0.561121,-2.816427,-0.143508,-0.990316,-0.160800,-0.986987
42.300000,-0.420299,-2.844483,-0.093813,-0.996254,-0.111270,-0.993790
42.350000,-0.278075,-2.865498,-0.043883,-0.999699,-0.061462,-0.998109
42.400000,-0.134800,-2.879402,0.006157,-1.000644,-0.011501,-0.999934
42.450000,0.009170,-2.886142,0.056181,-0.999085,0.038490,-0.999259
42.500000,0.153477,-2.885683,0.106065,-0.995027,0.088384,-0.996087
42.550000,0.297761,-2.878009,0.155684,-0.988480,0.138057,-0.990424
42.600000,0.441661,-2.863121,0.204913,-0.979460,0.187385,-0.982287
42.650000,0.584818,-2.841038,0.253630,-0.967990,0.236245,-0.971694
42.700000,0.726869,-2.811797,0.301713,-0.954099,0.284514,-0.958672
42.750000,0.867459,-2.775454,0.349040,-0.937821,0.332072,-0.943254
42.800000,1.006232,-2.732081,0.395495,-0.919196,0.378800,-0.925479
42.850000,1.142836,-2.681769,0.440961,-0.898273,0.424581,-0.905390
42.900000,1.276925,-2.624628,0.485323,-0.875102,0.469301,-0.883038
42.950000,1.408156,-2.560781,0.528472,-0.849742,0.512848,-0.858479
43.000000,1.536195,-2.490374,0.570298,-0.822256,0.555113,-0.831775
43.050000,1.660714,-2.413564,0.610698,-0.792713,0.595991,-0.802991
43.100000,1.781392,-2.330528,0.649570,-0.761187,0.635379,-0.772200
43.150000,1.897918,-2.241459,0.686818,-0.727757,0.673179,-0.739480
43.200000,2.009991,-2.146563,0.722347,-0.692507,0.709296,-0.704911
43.250000,2.117319,-2.046063,0.756069,-0.655524,0.743641,-0.668580
43.300000,2.219622,-1.940197,0.787901,-0.616901,0.776126,-0.630578
43.350000,2.316632,-1.829216,0.817761,-0.576735,0.806672,-0.590999
43.400000,2.408093,-1.713384,0.845575,-0.535126,0.835202,-0.549944
43.450000,2.493762,-1.592980,0.871275,-0.492178,0.861644,-0.507514
43.500000,2.573411,-1.468292,0.894794,-0.447999,0.885932,-0.463816
43.550000,2.646826,-1.339621,0.916076,-0.402700,0.908006,-0.418958
43.600000,2.713807,-1.207280,0.935066,-0.356392,0.927810,-0.373053
43.650000,2.774171,-1.071589,0.951717,-0.309194,0.945295,-0.326215
43.700000,2.827750,-0.932881,0.965987,-0.261221,0.960418,-0.278563
43.750000,2.874395,-0.791493,0.977840,-0.212595,0.973140,-0.230214
43.800000,2.913969,-0.647774,0.987248,-0.163438,0.983430,-0.181289
43.850000,2.946358,-0.502075,0.994185,-0.113871,0.991261,-0.131912
43.900000,2.971462,-0.354757,0.998636,-0.064019,0.996616,-0.082204
43.950000,2.989199,-0.206184,1.000589,-0.014008,0.999478,-0.032292
44.000000,2.999509,-0.056724,1.000039,0.036039,0.999843,0.017702
44.050000,3.002345,0.093251,0.996987,0.085996,0.997709,0.067651
44.100000,2.997682,0.243368,0.991440,0.135738,0.993081,0.117431
44.150000,2.985514,0.393253,0.983414,0.185140,0.985971,0.166918
44.200000,2.965851,0.542528,0.972928,0.234080,0.976396,0.215987
44.250000,2.938725,0.690821,0.960008,0.282434,0.964381,0.264517
44.300000,2.904184,0.837757,0.944686,0.330081,0.949956,0.312385
44.350000,2.862296,0.982966,0.927001,0.376903,0.933156,0.359473
44.400000,2.813148,1.126081,0.906997,0.422782,0.914023,0.405662
44.450000,2.756844,1.266738,0.884725,0.467603,0.892606,0.450837
44.500000,2.693507,1.404581,0.860238,0.511255,0.868958,0.494885
44.550000,2.623278,1.539256,0.833600,0.553628,0.843138,0.537697
44.600000,2.546315,1.670420,0.804877,0.594616,0.815211,0.579164
44.650000,2.462794,1.797736,0.774140,0.634116,0.785246,0.619184
44.700000,2.372907,1.920875,0.741467,0.672030,0.753318,0.657656
44.750000,2.276863,2.039521,0.706938,0.708264,0.719508,0.694484
44.800000,2.174887,2.153364,0.670642,0.742725,0.683899,0.729577
44.850000,2.067219,2.262108,0.632667,0.775329,0.646581,0.762846
44.900000,1.954114,2.365469,0.593110,0.805993,0.607646,0.794208
44.950000,1.835840,2.463175,0.552069,0.834641,0.567193,0.823585
45.000000,1.712681,2.554967,0.509646,0.861201,0.525322,0.850904
45.050000,1.584933,2.640601,0.465949,0.885607,0.482138,0.876095
45.100000,1.452903,2.719848,0.421087,0.907798,0.437749,0.899097
45.150000,1.316911,2.792493,0.375170,0.927717,0.392266,0.919852
45.200000,1.177286,2.858338,0.328315,0.945316,0.345802,0.938307
45.250000,1.034369,2.917203,0.280639,0.960550,0.298474,0.954418
45.300000,0.888509,2.968921,0.232261,0.973381,0.250400,0.968142
45.350000,0.740063,3.013346,0.183302,0.983778,0.201700,0.979447
45.400000,0.589396,3.050350,0.133884,0.991713,0.152496,0.988304
45.450000,0.436878,3.079819,0.084131,0.997168,0.102911,0.994691
45.500000,0.282887,3.101663,0.034167,1.000128,0.053069,0.998591
45.550000,0.127804,3.115808,-0.015882,1.000586,0.003093,0.999995
45.600000,-0.027986,3.122198,-0.065892,0.998541,-0.046889,0.998900
45.650000,-0.184096,3.120799,-0.115736,0.993998,-0.096755,0.995308
45.700000,-0.340136,3.111594,-0.165291,0.986969,-0.146379,0.989229
45.750000,-0.495716,3.094587,-0.214433,0.977471,-0.195637,0.980676
45.800000,-0.650445,3.069801,-0.263039,0.965527,-0.244405,0.969673
45.850000,-0.803935,3.037279,-0.310986,0.951168,-0.292563,0.956246
45.900000,-0.955799,2.997082,-0.358156,0.934430,-0.339990,0.940429
45.950000,-1.105653,2.949292,-0.404430,0.915354,-0.386567,0.922261
46.000000,-1.253118,2.894009,-0.449692,0.893989,-0.432178,0.901788
46.050000,-1.397818,2.831354,-0.493829,0.870387,-0.476708,0.879061
46.100000,-1.539386,2.761463,-0.536731,0.844607,-0.520047,0.854137
46.150000,-1.677459,2.684493,-0.578291,0.816715,-0.562087,0.827078
46.200000,-1.811684,2.600620,-0.618404,0.786779,-0.602721,0.797952
46.250000,-1.941715,2.510036,-0.656970,0.754876,-0.641849,0.766831
46.300000,-2.067217,2.412950,-0.693892,0.721084,-0.679372,0.733794
46.350000,-2.187864,2.309590,-0.729079,0.685488,-0.715197,0.698922
46.400000,-2.303344,2.200196,-0.762442,0.648177,-0.749235,0.662304
46.450000,-2.413354,2.085029,-0.793898,0.609244,-0.781400,0.624030
46.500000,-2.517605,1.964362,-0.823368,0.568788,-0.811612,0.584197
46.550000,-2.615823,1.838481,-0.850778,0.526909,-0.839796,0.542903
46.600000,-2.707747,1.707690,-0.876060,0.483711,-0.865880,0.500252
46.650000,-2.793132,1.572303,-0.899150,0.439303,-0.889800,0.456351
46.700000,-2.871747,1.432646,-0.919992,0.393797,-0.911496,0.411309
46.750000,-2.943379,1.289059,-0.938531,0.347305,-0.930914,0.365239
46.800000,-3.007832,1.141890,-0.954724,0.299944,-0.948005,0.318257
46.850000,-3.064927,0.991498,-0.968527,0.251833,-0.962726,0.270478
46.900000,-3.114501,0.838252,-0.979908,0.203092,-0.975041,0.222024
46.950000,-3.156414,0.682527,-0.988838,0.153843,-0.984919,0.173015
47.000000,-3.190540,0.524706,-0.995294,0.104209,-0.992335,0.123573
47.050000,-3.216776,0.365179,-0.999260,0.054314,-0.997271,0.073823
47.100000,-3.235035,0.204340,-1.000727,0.004283,-0.999715,0.023888
47.150000,-3.245252,0.042589,-0.999690,-0.045759,-0.999659,-0.026107
47.200000,-3.247381,-0.119674,-0.996153,-0.095686,-0.997105,-0.076037
47.250000,-3.241397,-0.282043,-0.990123,-0.145374,-0.992059,-0.125776
47.300000,-3.227295,-0.444113,-0.981617,-0.194699,-0.984533,-0.175201
47.350000,-3.205090,-0.605478,-0.970655,-0.243536,-0.974546,-0.224188
47.400000,-3.174816,-0.765732,-0.957265,-0.291765,-0.962123,-0.272615
47.450000,-3.136529,-0.924473,-0.941480,-0.339263,-0.947296,-0.320361
47.500000,-3.090306,-1.081299,-0.923340,-0.385913,-0.930100,-0.367305
47.550000,-3.036241,-1.235815,-0.902890,-0.431598,-0.910580,-0.413332
47.600000,-2.974450,-1.387627,-0.880182,-0.476203,-0.888784,-0.458325
47.650000,-2.905068,-1.536349,-0.855271,-0.519616,-0.864767,-0.502173
47.700000,-2.828251,-1.681603,-0.828221,-0.561731,-0.838588,-0.544766
47.750000,-2.744171,-1.823015,-0.799100,-0.602439,-0.810313,-0.585997
47.800000,-2.653020,-1.960224,-0.767979,-0.641641,-0.780013,-0.625764
47.850000,-2.555009,-2.092875,-0.734937,-0.679238,-0.747763,-0.663966
47.900000,-2.450365,-2.220625,-0.700056,-0.715136,-0.713644,-0.700509
47.950000,-2.339334,-2.343143,-0.663424,-0.749245,-0.677741,-0.735301
48.000000,-2.222177,-2.460110,-0.625133,-0.781480,-0.640144,-0.768255
48.050000,-2.099171,-2.571219,-0.585277,-0.811759,-0.600948,-0.799288
48.100000,-1.970610,-2.676177,-0.543958,-0.840009,-0.560249,-0.828324
48.150000,-1.836802,-2.774708,-0.501277,-0.866156,-0.518150,-0.855290
48.200000,-1.698066,-2.866548,-0.457343,-0.890138,-0.474755,-0.880118
48.250000,-1.554739,-2.951451,-0.412264,-0.911892,-0.430175,-0.902746
48.300000,-1.407166,-3.029188,-0.366154,-0.931365,-0.384518,-0.923117
48.350000,-1.255707,-3.099547,-0.319128,-0.948509,-0.337901,-0.941182
48.400000,-1.100729,-3.162332,-0.271304,-0.963280,-0.290440,-0.956893
48.450000,-0.942613,-3.217368,-0.222801,-0.975641,-0.242252,-0.970213
48.500000,-0.781744,-3.264499,-0.173740,-0.985561,-0.193459,-0.981108
48.550000,-0.618519,-3.303586,-0.124245,-0.993016,-0.144182,-0.989551
48.600000,-0.453340,-3.334512,-0.074439,-0.997987,-0.094545,-0.995521
48.650000,-0.286615,-3.357179,-0.024447,-1.000462,-0.044671,-0.999002
48.700000,-0.118756,-3.371510,0.025607,-1.000434,0.005314,-0.999986
48.750000,0.049820,-3.377448,0.075597,-0.997903,0.055286,-0.998471
48.800000,0.218692,-3.374957,0.125397,-0.992875,0.105119,-0.994460
48.850000,0.387440,-3.364022,0.174884,-0.985365,0.154690,-0.987963
48.900000,0.555641,-3.344650,0.223934,-0.975389,0.203874,-0.978997
48.950000,0.722874,-3.316868,0.272423,-0.962973,0.252549,-0.967584
49.000000,0.888717,-3.280724,0.320232,-0.948148,0.300593,-0.953753
49.050000,1.052753,-3.236288,0.367239,-0.930951,0.347885,-0.937537
49.100000,1.214568,-3.183651,0.413327,-0.911425,0.394307,-0.918979
49.150000,1.373750,-3.122922,0.458382,-0.889620,0.439744,-0.898123
49.200000,1.529896,-3.054235,0.502290,-0.865589,0.484082,-0.875023
49.250000,1.682608,-2.977740,0.544941,-0.839392,0.527210,-0.849735
49.300000,1.831495,-2.893610,0.586230,-0.811096,0.569020,-0.822324
49.350000,1.976176,-2.802035,0.626052,-0.780770,0.609408,-0.792857
49.400000,2.116277,-2.703226,0.664308,-0.748492,0.648273,-0.761408
49.450000,2.251439,-2.597412,0.700902,-0.714341,0.685517,-0.728056
49.500000,2.381309,-2.484840,0.735743,-0.678403,0.721048,-0.692885
49.550000,2.505551,-2.365775,0.768743,-0.640768,0.754777,-0.655982
49.600000,2.623840,-2.240497,0.799821,-0.601530,0.786619,-0.617439
49.650000,2.735865,-2.109305,0.828898,-0.560787,0.816495,-0.577353
49.700000,2.841330,-1.972512,0.855901,-0.518641,0.844330,-0.535823
49.750000,2.939956,-1.830446,0.880763,-0.475197,0.870055,-0.492955
49.800000,3.031478,-1.683448,0.903422,-0.430565,0.893605,-0.448854
49.850000,3.115651,-1.531874,0.923821,-0.384856,0.914922,-0.403631
49.900000,3.192244,-1.376091,0.941909,-0.338184,0.933951,-0.357400
49.950000,3.261049,-1.216479,0.957641,-0.290666,0.950647,-0.310275
50.000000,3.321873,-1.053427,0.970977,-0.242420,0.964966,-0.262375
